MAE,MSE,R2
0.022405841108791284,0.0009533752255733209,0.8953540882223893
