MAE,MSE,R2
0.025397481411814058,0.0012106771339583328,0.8671117004585611
