MAE,MSE,R2
0.02841770453524221,0.002395412736173612,0.9217800803047224
