MAE,MSE,R2
0.027549677370092465,0.0023720304353888823,0.9225436070498435
