MAE,MSE,R2
0.044840662290106456,0.004265713366798086,0.9378014961314644
