MAE,MSE,R2
0.04386612253519038,0.004169174445653324,0.9392091332472216
