MAE,MSE,R2
0.054047959028739344,0.005274946869306085,0.9354252640183245
