MAE,MSE,R2
0.053537235926703085,0.00517408203296862,0.9366600290951496
