MAE,MSE,R2
0.0464310443315297,0.009219659817557244,0.8569533993245882
