MAE,MSE,R2
0.04146799218477424,0.008832917806673968,0.8629538517371462
